qKfz(t)(1);Status;qKfz(t)(2);Status;QKfz(Mq);Status;qPkw(t)(1);Status;qPkw(t)(2);Status;QPkw(Mq);Status;qLkw(t)(1);Status;qLkw(t)(2);Status;QLkw(Mq);Status;vKfz(t)(1);Status;vKfz(t)(2);Status;VKfz(Mq);Status;vPkw(t)(1);Status;vPkw(t)(2);Status;VPkw(Mq);Status;vLkw(t)(1);Status;vLkw(t)(2);Status;VLkw(Mq);Status
215840;1.0;984660;0.9825 Intp;1200500;0.99125 Intp;96580;0.98 Intp;227880;0.9725 Intp;324460;0.9762500000000001 Intp;5340;0.9700000000000001 Intp;14020;0.9725 Intp;19360;0.9712500000000001 Intp;97;0.9899999999999999 Intp;103;0.9875000000000002 Intp;100;0.98875 Intp;111;0.9899999999999999 Intp;115;0.9900000000000001 Intp;113;0.99 Intp;64;1.0;68;0.9825 Intp;66;0.99125 Intp
548440;1.0;1284720;0.9908333333333333 Intp;1833160;0.9954166666666666 Intp;120180;0.9700000000000001 Intp;713460;0.9824999999999999 Intp;833640;0.9762500000000001 Intp;3680;0.98 Intp;26107;0.9883333333333333 Intp;29787;0.9841666666666666 Intp;111;0.98 Intp;133;0.9924999999999999 Intp;122;0.98625 Intp;138;0.9702999999999999 Intp;121;0.9925 Intp;130;0.9814 Intp;44;1.0;60;0.98265 Intp;52;0.991325 Intp
244440;1.0;1087480;1.0;1331920;1.0;120180;0.97 Intp;974260;0.9950749999999999 Intp;1094440;0.9825375 Intp;2760;1.0;56900;1.0;59660;1.0;57;1.0;145;1.0;101;1.0;139;0.9899999999999999 Intp;163;1.0;151;0.9949999999999999 Intp;64;1.0;92;0.98765 Intp;78;0.993825 Intp
