qKfz(t)(1);Status;qKfz(t)(2);Status;QKfz(Mq);Status;qPkw(t)(1);Status;qPkw(t)(2);Status;QPkw(Mq);Status;qLkw(t)(1);Status;qLkw(t)(2);Status;QLkw(Mq);Status;vKfz(t)(1);Status;vKfz(t)(2);Status;VKfz(Mq);Status;vPkw(t)(1);Status;vPkw(t)(2);Status;VPkw(Mq);Status;vLkw(t)(1);Status;vLkw(t)(2);Status;VLkw(Mq);Status;
144810;1.0;1129740;0.9775 Intp;1274550;0.98875 Intp;84780;0.985 Intp;240720;0.97 Intp;325500;0.9775 Intp;5340;0.97 Intp;13950;0.97375 Intp;19290;0.971875 Intp;138;0.985 Intp;104;0.9850000000000001 Intp;121;0.9850000000000001 Intp;160;0.985 Intp;119;0.98875 Intp;140;0.986875 Intp;78;1.0;65;0.9850000000000001 Intp;72;0.9925 Intp;
448680;1.0;857970;0.9925 Intp;1306650;0.9962500000000001 Intp;120180;0.97 Intp;221460;0.97375 Intp;341640;0.971875 Intp;5340;0.97 Intp;11910;0.9775 Intp;17250;0.97375 Intp;86;0.985 Intp;103;0.98875 Intp;95;0.986875 Intp;105;0.97045 Intp;116;0.98875 Intp;111;0.9796 Intp;32;1.0;68;0.9850000000000001 Intp;50;0.9925 Intp;
552930;1.0;1416360;0.99 Intp;1969290;0.995 Intp;120180;0.97 Intp;949830;0.98875 Intp;1070010;0.979375 Intp;2850;0.985 Intp;34330;0.99 Intp;37180;0.9875 Intp;89;0.985 Intp;159;1.0;124;0.9924999999999999 Intp;109;0.985 Intp;119;0.9962500000000001 Intp;114;0.9906250000000001 Intp;53;1.0;61;0.977725 Intp;57;0.9888625 Intp;
